{
    "sceneId": 3,
    "addObstacles": [
        {
            "obstacleId": -771650,
            "center": {
                "X": 1374.300048828125,
                "Y": 234.97999572753906,
                "Z": -1569.0999755859375
            },
            "rotation": {
                "Y": 0.46000000834465027,
                "W": 0.8799999952316284
            },
            "extents": {
                "X": 700,
                "Y": 100,
                "Z": 700
            }
        },
        {
            "obstacleId": -775992,
            "shape": 1,
            "center": {
                "X": 2220.163818359375,
                "Y": 227.94171142578125,
                "Z": -941.8331909179688
            },
            "rotation": {
                "X": -0.6000000238418579,
                "Y": 0.6000000238418579,
                "Z": -0.36000001430511475,
                "W": 0.36000001430511475
            },
            "extents": {
                "X": 35,
                "Y": 65,
                "Z": 40
            }
        }
    ]
}