{
    "sceneId": 3,
    "addObstacles": [
        {
            "obstacleId": -772130,
            "shape": 1,
            "center": {
                "X": 2189.906005859375,
                "Y": 210.81690979003906,
                "Z": -886.286865234375
            },
            "rotation": {
                "X": 0.009999999776482582,
                "Y": 0.7200000286102295,
                "Z": -0.6800000071525574,
                "W": 0.03999999910593033
            },
            "extents": {
                "X": 40,
                "Y": 40,
                "Z": 60
            }
        },
        {
            "obstacleId": -776076,
            "shape": 1,
            "center": {
                "X": 2236.946044921875,
                "Y": 258.7590026855469,
                "Z": -775.7020263671875
            },
            "rotation": {
                "Y": 0.5899999737739563,
                "W": 0.800000011920929
            },
            "extents": {
                "X": 25,
                "Y": 50,
                "Z": 25
            }
        }
    ]
}