{
    "sceneId": 3,
    "addObstacles": [
        {
            "obstacleId": -775820,
            "shape": 1,
            "center": {
                "X": 2165.885986328125,
                "Y": 226.0919952392578,
                "Z": -825.1259765625
            },
            "rotation": {
                "Y": 0.5,
                "W": -0.8600000143051147
            },
            "extents": {
                "X": 25,
                "Y": 50,
                "Z": 25
            }
        }
    ]
}