{
    "sceneId": 3,
    "addObstacles": [
        {
            "obstacleId": -775756,
            "shape": 1,
            "center": {
                "X": 2146.26708984375,
                "Y": 234.07200622558594,
                "Z": -862.2969970703125
            },
            "rotation": {
                "Y": 0.5600000023841858,
                "W": 0.8199999928474426
            },
            "extents": {
                "X": 25,
                "Y": 50,
                "Z": 25
            }
        },
        {
            "obstacleId": -776248,
            "shape": 1,
            "center": {
                "X": 2286.39306640625,
                "Y": 236.5137176513672,
                "Z": -876.5018310546875
            },
            "rotation": {
                "X": -0.36000001430511475,
                "Y": 0.36000001430511475,
                "Z": 0.6000000238418579,
                "W": -0.6000000238418579
            },
            "extents": {
                "X": 35,
                "Y": 65,
                "Z": 40
            }
        }
    ]
}