{
    "sceneId": 3,
    "addObstacles": [
        {
            "obstacleId": -771618,
            "center": {
                "X": 1374.300048828125,
                "Y": 235.13999938964844,
                "Z": -1569.0999755859375
            },
            "rotation": {
                "Y": 0.9900000095367432,
                "W": 0.09000000357627869
            },
            "extents": {
                "X": 2400,
                "Y": 100,
                "Z": 2400
            }
        },
        {
            "obstacleId": -776056,
            "shape": 1,
            "center": {
                "X": 2236.74609375,
                "Y": 258.2577209472656,
                "Z": -775.7022094726562
            },
            "rotation": {
                "X": -0.4099999964237213,
                "Y": 0.4099999964237213,
                "Z": -0.5600000023841858,
                "W": 0.5600000023841858
            },
            "extents": {
                "X": 35,
                "Y": 65,
                "Z": 40
            }
        }
    ]
}