{
    "sceneId": 3,
    "addObstacles": [
        {
            "obstacleId": -775884,
            "shape": 1,
            "center": {
                "X": 2199.77392578125,
                "Y": 211.3560028076172,
                "Z": -917.7100219726562
            },
            "rotation": {
                "Y": 0.17000000178813934,
                "W": -0.9800000190734863
            },
            "extents": {
                "X": 25,
                "Y": 50,
                "Z": 25
            }
        }
    ]
}