{
    "sceneId": 3,
    "addObstacles": [
        {
            "obstacleId": -772172,
            "shape": 1,
            "center": {
                "X": 2189.87841796875,
                "Y": 210.76998901367188,
                "Z": -887.3483276367188
            },
            "rotation": {
                "X": 0.5899999737739563,
                "Y": 0.3700000047683716,
                "Z": -0.3700000047683716,
                "W": 0.5899999737739563
            },
            "extents": {
                "X": 40,
                "Y": 40,
                "Z": 60
            }
        },
        {
            "obstacleId": -776120,
            "shape": 1,
            "center": {
                "X": 2263.6513671875,
                "Y": 239.89772033691406,
                "Z": -833.76904296875
            },
            "rotation": {
                "X": -0.1599999964237213,
                "Y": 0.1599999964237213,
                "Z": -0.6800000071525574,
                "W": 0.6800000071525574
            },
            "extents": {
                "X": 35,
                "Y": 65,
                "Z": 40
            }
        }
    ]
}