{
    "sceneId": 3,
    "addObstacles": [
        {
            "obstacleId": -771586,
            "center": {
                "X": 1374.300048828125,
                "Y": 235.5399932861328,
                "Z": -1569.0999755859375
            },
            "rotation": {
                "Y": 0.5799999833106995,
                "W": 0.800000011920929
            },
            "extents": {
                "X": 3199,
                "Y": 100,
                "Z": 3199
            }
        },
        {
            "obstacleId": -776012,
            "shape": 1,
            "center": {
                "X": 2220.364013671875,
                "Y": 228.4429931640625,
                "Z": -941.8330078125
            },
            "rotation": {
                "Y": 0.8500000238418579,
                "W": 0.5099999904632568
            },
            "extents": {
                "X": 25,
                "Y": 50,
                "Z": 25
            }
        }
    ]
}