{
    "sceneId": 3,
    "addObstacles": [
        {
            "obstacleId": -775800,
            "shape": 1,
            "center": {
                "X": 2165.68603515625,
                "Y": 225.59071350097656,
                "Z": -825.1257934570312
            },
            "rotation": {
                "X": -0.36000001430511475,
                "Y": 0.36000001430511475,
                "Z": 0.6000000238418579,
                "W": -0.6000000238418579
            },
            "extents": {
                "X": 35,
                "Y": 65,
                "Z": 40
            }
        },
        {
            "obstacleId": -776268,
            "shape": 1,
            "center": {
                "X": 2286.593017578125,
                "Y": 237.01499938964844,
                "Z": -876.5020141601562
            },
            "rotation": {
                "Y": 0.5099999904632568,
                "W": -0.8500000238418579
            },
            "extents": {
                "X": 25,
                "Y": 50,
                "Z": 25
            }
        }
    ]
}