{
    "sceneId": 3,
    "addObstacles": [
        {
            "obstacleId": -772214,
            "shape": 1,
            "center": {
                "X": 2190.908935546875,
                "Y": 210.7659912109375,
                "Z": -888.0239868164062
            },
            "rotation": {
                "X": 0.699999988079071,
                "W": 0.699999988079071
            },
            "extents": {
                "X": 40,
                "Y": 40,
                "Z": 60
            }
        },
        {
            "obstacleId": -776140,
            "shape": 1,
            "center": {
                "X": 2263.85107421875,
                "Y": 240.3990020751953,
                "Z": -833.7689819335938
            },
            "rotation": {
                "Y": 0.23000000417232513,
                "W": 0.9700000286102295
            },
            "extents": {
                "X": 25,
                "Y": 50,
                "Z": 25
            }
        }
    ]
}