{
    "sceneId": 3,
    "addObstacles": [
        {
            "obstacleId": -775928,
            "shape": 1,
            "center": {
                "X": 2186.483154296875,
                "Y": 210.11671447753906,
                "Z": -873.6678466796875
            },
            "rotation": {
                "X": -0.5600000023841858,
                "Y": 0.5600000023841858,
                "Z": 0.41999998688697815,
                "W": -0.41999998688697815
            },
            "extents": {
                "X": 35,
                "Y": 65,
                "Z": 40
            }
        }
    ]
}