{
    "sceneId": 3,
    "addObstacles": [
        {
            "obstacleId": -775736,
            "shape": 1,
            "center": {
                "X": 2146.067138671875,
                "Y": 233.5707244873047,
                "Z": -862.2971801757812
            },
            "rotation": {
                "X": -0.4000000059604645,
                "Y": 0.4000000059604645,
                "Z": -0.5799999833106995,
                "W": 0.5799999833106995
            },
            "extents": {
                "X": 35,
                "Y": 65,
                "Z": 40
            }
        },
        {
            "obstacleId": -776204,
            "shape": 1,
            "center": {
                "X": 2290.68603515625,
                "Y": 226.4409942626953,
                "Z": -950.93798828125
            },
            "rotation": {
                "Y": 0.8100000023841858,
                "W": -0.5699999928474426
            },
            "extents": {
                "X": 24,
                "Y": 50,
                "Z": 24
            }
        }
    ]
}