{
    "sceneId": 3,
    "addObstacles": [
        {
            "obstacleId": -771488,
            "shape": 1,
            "center": {
                "X": 2267.345947265625,
                "Y": 216.58200073242188,
                "Z": -889.3410034179688
            },
            "rotation": {
                "Y": 0.5299999713897705,
                "W": -0.8399999737739563
            },
            "extents": {
                "X": 50,
                "Y": 60,
                "Z": 50
            }
        },
        {
            "obstacleId": -775948,
            "shape": 1,
            "center": {
                "X": 2186.68310546875,
                "Y": 210.6179962158203,
                "Z": -873.6680297851562
            },
            "rotation": {
                "Y": 0.800000011920929,
                "W": -0.5899999737739563
            },
            "extents": {
                "X": 25,
                "Y": 50,
                "Z": 25
            }
        }
    ]
}