{
    "sceneId": 3,
    "addObstacles": [
        {
            "obstacleId": -771488,
            "shape": 1,
            "center": {
                "X": 2267.345947265625,
                "Y": 216.58200073242188,
                "Z": -889.3410034179688
            },
            "rotation": {
                "Y": 0.5299999713897705,
                "W": -0.8399999737739563
            },
            "extents": {
                "X": 50,
                "Y": 60,
                "Z": 50
            }
        }
    ]
}