{
    "sceneId": 3,
    "addObstacles": [
        {
            "obstacleId": -772256,
            "shape": 1,
            "center": {
                "X": 2189.98291015625,
                "Y": 210.76499938964844,
                "Z": -888.3930053710938
            },
            "rotation": {
                "X": 0.699999988079071,
                "W": 0.699999988079071
            },
            "extents": {
                "X": 40,
                "Y": 40,
                "Z": 60
            }
        },
        {
            "obstacleId": -776184,
            "shape": 1,
            "center": {
                "X": 2290.486083984375,
                "Y": 225.93971252441406,
                "Z": -950.9378051757812
            },
            "rotation": {
                "X": -0.5699999928474426,
                "Y": 0.5699999928474426,
                "Z": 0.4000000059604645,
                "W": -0.4000000059604645
            },
            "extents": {
                "X": 35,
                "Y": 65,
                "Z": 40
            }
        }
    ]
}