{
    "sceneId": 3,
    "addObstacles": [
        {
            "obstacleId": -775864,
            "shape": 1,
            "center": {
                "X": 2199.57421875,
                "Y": 210.85472106933594,
                "Z": -917.7099609375
            },
            "rotation": {
                "X": -0.11999999731779099,
                "Y": 0.11999999731779099,
                "Z": 0.6899999976158142,
                "W": -0.6899999976158142
            },
            "extents": {
                "X": 35,
                "Y": 65,
                "Z": 40
            }
        }
    ]
}