{
    "entityId": 67109617,
    "entity": {
        "gadgetId": 70700003,
        "level": 1,
        "pos": {
            "X": 2137.9970703125,
            "Y": 207.23199462890625,
            "Z": -1174.43994140625
        },
        "rot": {
            "X": 0.01600000075995922,
            "Y": 335.22900390625,
            "Z": 0.23899999260902405
        },
        "sceneId": 3,
        "clientUniqueId": 5,
        "gadget": {
            "bornType": 1,
            "chest": {}
        }
    },
    "questId": 35902,
    "parentQuestId": 359
}