{
    "entityId": 33555703,
    "motionInfo": {
        "pos": {
            "X": 2229.26611328125,
            "Y": 216.06768798828125,
            "Z": -899.2520141601562
        },
        "rot": {
            "Y": 172.72999572753906
        },
        "speed": {},
        "state": 2
    },
    "sceneTime": 9781,
    "reliableSeq": 200
}