{
    "sceneId": 3,
    "playerLocList": [
        {
            "uid": 624263971,
            "pos": {
                "X": 2213.626220703125,
                "Y": 230.67051696777344,
                "Z": -870.0728149414062
            },
            "rot": {
                "Y": 213.60272216796875
            }
        }
    ]
}